Annee,Dixieme,Observations,Menages_M,Ratio_agregats,Ratio_harmonise,P10,P25,P50,P75,P90,Facture_EUR2020,Revenu_EUR2020,Part_sup_8pct,Part_sup_8pct_harmonise
1988,1,2289,2.07,11.3084,11.3512,2.8571,5.5052,9.9552,17.3199,27.8917,1200.4361,10615.4413,60.7466,61.1165
1988,2,2420,2.0694,7.939,7.9691,2.1981,4.1484,7.462,11.4172,15.7636,1262.8725,15907.2078,45.6008,45.8894
1988,3,2547,2.0506,6.6043,6.6293,2.0644,3.5372,6.0967,9.3585,12.9846,1310.4995,19843.2384,33.6059,33.8636
1988,4,2607,2.0812,5.9323,5.9547,1.8011,3.1399,5.3468,8.3333,11.8137,1345.7606,22685.4592,27.185,27.259
1988,5,2713,2.0786,5.3443,5.3646,1.5868,2.7044,4.8453,7.3785,10.42,1389.7749,26004.685,20.8798,21.2193
1988,6,2767,2.0671,4.5972,4.6146,1.4343,2.4036,4.213,6.374,8.8484,1375.8034,29927.0082,13.1493,13.3952
1988,7,2833,2.0725,4.2672,4.2834,1.2143,2.2116,3.9527,5.9219,7.9616,1457.8526,34163.7641,9.8609,9.9788
1988,8,2820,2.0232,3.7376,3.7518,1.0916,1.8466,3.4455,5.0924,6.9951,1488.3139,39819.6546,5.4601,5.5383
1988,9,2897,2.1137,3.3231,3.3357,0.8896,1.6535,3.0719,4.5975,6.0939,1570.1074,47248.1985,3.498,3.6014
1988,10,2793,2.0734,2.3074,2.3161,0.562,1.0234,2.0966,3.5187,4.9253,1711.5841,74179.1004,0.9572,1.0363
1988,Ensemble,26686,20.6997,4.4021,4.4188,1.1758,2.3977,4.4136,7.4667,11.7897,1411.5752,32065.6193,22.0799,22.2752
1992,1,3317,2.0812,11.0662,11.2934,2.9152,5.6844,10.1063,16.7078,25.7854,1139.6587,10298.5917,60.9724,61.8368
1992,2,3799,2.3359,7.9639,8.1275,2.4846,4.2351,7.3126,11.49,16.4659,1228.2346,15422.4326,45.4037,46.5696
1992,3,3647,2.221,6.8556,6.9963,2.2264,3.6508,6.282,9.6245,13.8889,1346.5646,19641.9371,35.2594,36.1578
1992,4,3581,2.1452,5.8192,5.9387,1.8733,3.2338,5.4181,8.0282,11.1372,1360.2038,23374.3369,25.2174,26.2503
1992,5,3665,2.2333,5.1534,5.2592,1.6084,2.8994,4.8015,7.0098,9.5574,1347.5465,26148.8201,18.0981,19.2234
1992,6,3772,2.2622,4.4796,4.5715,1.4286,2.4936,4.1711,6.0817,8.2829,1382.1923,30855.4532,11.2113,11.7421
1992,7,3664,2.2116,4.0805,4.1643,1.2843,2.228,3.8235,5.4349,7.3661,1433.6923,35135.3201,7.8355,8.3318
1992,8,3614,2.1735,3.597,3.6709,1.1139,1.9692,3.3565,4.8202,6.5429,1474.7775,40999.9969,4.5049,5.1707
1992,9,3650,2.2538,3.196,3.2616,0.9154,1.6091,2.9645,4.366,5.8946,1555.3071,48664.8185,2.6221,2.7905
1992,10,3513,2.2131,2.0386,2.0805,0.5441,0.9867,2.058,3.2965,4.5385,1763.8555,86522.7301,0.8423,0.986
1992,Ensemble,36222,22.1308,4.1572,4.2425,1.1743,2.4364,4.345,7.2104,11.6731,1403.967,33772.2827,21.0582,21.7672
1996,1,2695,2.2299,9.9278,9.7816,2.713,5.1327,8.8474,14.546,22.7981,989.5147,9967.1155,55.3885,54.5046
1996,2,2723,2.2457,7.2203,7.114,2.4655,4.0886,6.6861,10.2312,14.567,1136.1183,15734.9851,38.9121,38.3446
1996,3,2774,2.2474,6.0578,5.9685,2.1686,3.4414,5.611,8.3842,11.954,1234.1852,20373.6274,27.3487,26.515
1996,4,2579,2.0669,5.437,5.3569,1.9435,3.2054,5.0992,7.4329,10.405,1286.5066,23662.1256,20.7796,19.9841
1996,5,3051,2.4187,4.9216,4.8492,1.7548,2.8232,4.5919,6.6509,9.1049,1317.7168,26773.9613,15.2282,14.6924
1996,6,2830,2.2416,4.3621,4.2978,1.483,2.5335,4.0569,5.7347,8.0361,1337.9941,30673.4181,10.1588,9.5003
1996,7,2831,2.2378,3.9108,3.8532,1.3068,2.1397,3.6528,5.2074,7.0833,1353.2029,34601.4249,7.2718,6.8385
1996,8,2882,2.2437,3.4865,3.4352,1.059,1.994,3.3181,4.6666,6.1211,1418.6657,40690.1287,2.9642,2.8475
1996,9,2850,2.2441,3.0802,3.0348,0.9352,1.6667,2.926,4.1084,5.4012,1494.0442,48504.8241,2.2839,2.1264
1996,10,2788,2.2416,2.2004,2.168,0.6191,1.1316,2.137,3.147,4.4055,1698.9401,77211.0248,0.6455,0.6455
1996,Ensemble,28003,22.4175,4.0397,3.9802,1.2815,2.4413,4.1555,6.6773,10.5352,1327.0717,32850.701,18.0399,17.5439
2002,1,3192,2.4326,9.9702,10.0277,2.6364,4.8418,8.5644,15.1243,24.7007,975.2869,9782.0257,53.3626,53.6024
2002,2,3258,2.4709,7.2877,7.3298,2.157,3.7545,6.4476,10.3086,14.9427,1139.3465,15633.728,38.9701,39.3163
2002,3,3223,2.4513,5.9417,5.9759,1.7786,3.1848,5.3262,8.2103,11.796,1221.6756,20561.0923,26.3865,26.8245
2002,4,3220,2.4519,5.1102,5.1397,1.6057,2.8759,4.7273,7.0261,9.8346,1216.7408,23809.844,18.2129,18.5078
2002,5,3236,2.4364,4.5429,4.5691,1.52,2.5843,4.1501,5.9889,8.4706,1291.341,28425.2084,12.1057,12.2895
2002,6,3287,2.4672,4.05,4.0734,1.2851,2.362,3.6777,5.3946,7.4782,1318.1283,32546.0492,7.8291,7.9786
2002,7,3223,2.4513,3.6518,3.6729,1.1533,2.0659,3.3003,4.8559,6.5978,1338.8094,36661.3781,5.0752,5.172
2002,8,3188,2.4518,3.2364,3.2551,0.9823,1.7929,2.9417,4.2328,5.8469,1380.4202,42653.0544,3.1787,3.209
2002,9,3183,2.4394,2.7894,2.8055,0.8311,1.5777,2.5847,3.7109,4.9715,1436.8364,51510.695,1.3818,1.414
2002,10,3135,2.4639,1.7704,1.7806,0.4773,0.8837,1.7196,2.7046,3.7428,1600.9609,90429.069,0.6157,0.6157
2002,Ensemble,32145,24.5166,3.6681,3.6892,1.087,2.1692,3.7721,6.2895,10.3664,1292.1797,35227.6552,16.6976,16.8788
2006,1,5349,2.6337,11.287,11.1136,3.3146,5.7136,9.9804,17.3652,33.3143,1098.8796,9735.8119,60.9292,60.1876
2006,2,4390,2.6338,7.4592,7.3446,2.4102,3.8798,6.6296,10.3499,15.0427,1247.8777,16729.3334,39.2698,38.3611
2006,3,3738,2.6344,6.7239,6.6206,2.062,3.4753,5.7432,9.1817,13.8379,1319.6051,19625.6396,30.7093,29.8667
2006,4,3709,2.6336,5.4483,5.3646,1.7536,2.7918,4.6923,7.2411,10.6245,1343.0683,24651.2066,19.1357,18.7397
2006,5,3545,2.6307,4.7572,4.6841,1.5605,2.671,4.2172,6.359,9.5511,1380.1604,29012.2478,14.9487,14.4756
2006,6,3296,2.6376,4.1393,4.0757,1.3098,2.3011,3.6984,5.3806,7.6279,1355.0886,32736.9033,8.5936,8.2435
2006,7,3299,2.634,3.8454,3.7864,1.2074,2.2068,3.3954,4.9289,7.196,1469.5855,38216.5264,7.3087,6.7533
2006,8,3285,2.6338,3.4233,3.3707,1.0741,1.8752,3.046,4.4018,6.2438,1505.3821,43974.9308,4.8647,4.6163
2006,9,3298,2.6352,3.003,2.9569,0.8772,1.6118,2.6449,3.7926,5.4711,1586.7534,52838.5652,3.2347,3.0592
2006,10,3219,2.633,2.0001,1.9694,0.5475,1.0193,1.8635,2.8481,4.0736,1767.0192,88345.2365,1.6914,1.6521
2006,Ensemble,37128,26.3399,3.9547,3.894,1.277,2.2707,3.9177,6.7811,11.5222,1407.3361,35586.128,19.0673,18.5942
2020,1,3645,2.9415,9.7135,11.327,3.6442,5.782,9.533,17.2395,102.0608,990.1127,10193.121,58.0159,66.6671
2020,2,4387,2.9413,6.1473,7.1684,2.4818,3.8105,5.6985,8.286,11.9593,1191.3648,19380.1659,27.071,37.2086
2020,3,4027,2.9415,5.2676,6.1426,2.0666,3.2635,4.8664,7.1004,9.8472,1288.2275,24455.5328,18.359,26.9876
2020,4,3639,2.9425,4.5574,5.3144,1.8792,2.943,4.2194,5.8988,8.1972,1317.8782,28917.3927,10.5719,16.4903
2020,5,3539,2.9407,4.0982,4.7789,1.7823,2.697,3.8272,5.3096,7.3539,1378.77,33643.2204,7.0831,12.5003
2020,6,3482,2.9422,3.7234,4.3419,1.7169,2.4938,3.5221,4.8622,6.5773,1429.6516,38396.2047,4.6833,8.6405
2020,7,3461,2.9414,3.3617,3.9201,1.3983,2.2067,3.1469,4.3737,5.8527,1475.9745,43905.6207,3.2155,6.1337
2020,8,3496,2.9418,2.9961,3.4938,1.2198,1.9193,2.8211,3.9136,5.3258,1501.6308,50118.6942,1.8083,3.8305
2020,9,3598,2.9416,2.5931,3.0238,1.0072,1.6536,2.4823,3.4028,4.5801,1583.1225,61051.9952,0.6838,1.4717
2020,10,3806,2.9414,1.5951,1.86,0.556,1.0157,1.6572,2.4097,3.2977,1801.5513,112946.3525,0.2693,0.4293
2020,Ensemble,37080,29.416,3.2998,3.8479,1.3788,2.2557,3.6084,5.7362,9.2033,1395.8278,42300.4491,13.1758,18.0356
