capex_eur_kw,gaz_eur_mwh,obligation,valeur_eur_kg_moyenne,valeur_eur_kg_min,valeur_eur_kg_max,part_cout_moyenne,part_cout_min,part_cout_max,valeur_meur_an_moyenne,valeur_meur_an_min,valeur_meur_an_max
417.0,30,0.0,0.2508,0.0988,0.3913,0.1857,0.0589,0.3181,20.9402,8.2449,32.6718
417.0,30,1.0,1.3449,1.2118,1.4472,0.4163,0.3296,0.4884,112.2913,101.1727,120.8268
1000.0,15,1.0,0.1949,0.0441,0.347,0.0782,0.0153,0.1454,16.2732,3.6839,28.9756
1000.0,20,1.0,0.3484,0.1575,0.5217,0.127,0.0499,0.2012,29.0893,13.1531,43.5572
1000.0,25,1.0,0.521,0.2851,0.7061,0.1748,0.083,0.2526,43.4952,23.8017,58.9537
1000.0,30,0.0,0.0257,-0.0,0.0833,0.0223,-0.0,0.046,2.1488,-0.0,6.9567
1000.0,30,1.0,0.6999,0.4723,0.8888,0.218,0.1273,0.2969,58.4368,39.4327,74.2073
1000.0,35,1.0,0.8749,0.6722,1.0717,0.2548,0.1684,0.3361,73.0509,56.1192,89.4786
1000.0,40,1.0,1.0581,0.8755,1.2499,0.289,0.2049,0.3697,88.3409,73.0979,104.3538
1000.0,45,1.0,1.2371,1.0804,1.421,0.3188,0.2388,0.3985,103.2849,90.2079,118.6442
1000.0,50,1.0,1.4087,1.2353,1.593,0.3448,0.2695,0.4245,117.6145,103.1411,133.0011
1000.0,55,1.0,1.5855,1.3903,1.7657,0.3695,0.2969,0.4487,132.378,116.0783,147.4244
1000.0,60,1.0,1.7631,1.5328,1.9699,0.3919,0.3216,0.4705,147.2082,127.9749,164.4694
1000.0,65,1.0,1.9328,1.6786,2.2049,0.4118,0.3336,0.4903,161.3708,140.1479,184.0947
1350.0,15,1.0,0.064,-0.0,0.1724,0.0237,-0.0,0.0645,5.3469,-0.0,14.3911
1350.0,20,1.0,0.165,0.0,0.3429,0.0557,0.0,0.1188,13.7793,0.0,28.6312
1350.0,25,1.0,0.3159,0.0865,0.5193,0.0975,0.023,0.1676,26.3752,7.2226,43.3609
1350.0,30,0.0,0.0,-0.0,0.0,0.0,-0.0,0.0,0.0,-0.0,0.0
1350.0,30,1.0,0.484,0.2155,0.7016,0.1385,0.0532,0.2122,40.4114,17.9963,58.5759
1350.0,35,1.0,0.6519,0.3621,0.8863,0.1747,0.0833,0.2526,54.4251,30.23,74.0011
1350.0,40,1.0,0.8324,0.5606,1.0687,0.2094,0.1208,0.288,69.4961,46.8077,89.2276
1350.0,45,1.0,1.0117,0.782,1.2473,0.2404,0.1582,0.3196,84.4721,65.2924,104.1391
1350.0,50,1.0,1.1846,1.0031,1.4262,0.2677,0.1925,0.3481,98.9042,83.7515,119.0794
1350.0,55,1.0,1.3628,1.1612,1.6062,0.2935,0.2229,0.3745,113.7793,96.9541,134.1031
1350.0,60,1.0,1.5397,1.308,1.7838,0.3168,0.25,0.3982,128.5561,109.2044,148.9292
1350.0,65,1.0,1.7106,1.4566,1.9596,0.3377,0.2628,0.4197,142.8223,121.6117,163.6076
