capex,gaz,demande_kt,volume_max_gwh,valeur_eur_par_kg_moyenne,valeur_eur_par_kg_min,valeur_eur_par_kg_max,part_cout_moyenne,part_cout_min,part_cout_max
200.0,15,25.0,100.0,0.9493,0.8593,1.0205,0.4165,0.3309,0.4804
200.0,15,25.0,200.0,0.9973,0.9615,1.0569,0.4365,0.3702,0.4837
200.0,15,25.0,400.0,0.9981,0.9683,1.0569,0.4369,0.3729,0.4837
200.0,15,50.0,100.0,0.8675,0.793,0.939,0.3807,0.3054,0.4559
200.0,15,50.0,200.0,0.9493,0.8593,1.0205,0.4165,0.3309,0.4804
200.0,15,50.0,400.0,0.9973,0.9615,1.0569,0.4365,0.3702,0.4837
200.0,15,83.49,100.0,0.8075,0.7578,0.872,0.3539,0.2944,0.4234
200.0,15,83.49,200.0,0.8911,0.8066,0.9633,0.3912,0.3106,0.4677
200.0,15,83.49,400.0,0.9696,0.8823,1.0457,0.4252,0.3397,0.4835
200.0,15,150.0,100.0,0.7388,0.6741,0.8025,0.3235,0.2755,0.3878
200.0,15,150.0,200.0,0.8191,0.767,0.8844,0.3591,0.2964,0.4294
200.0,15,150.0,400.0,0.9036,0.8157,0.971,0.3967,0.3141,0.4715
200.0,15,287.47,100.0,0.657,0.5892,0.7195,0.2875,0.239,0.3494
200.0,15,287.47,200.0,0.7439,0.6795,0.8076,0.3258,0.2783,0.3906
200.0,15,287.47,400.0,0.8238,0.7704,0.8895,0.3612,0.2971,0.4319
200.0,30,25.0,100.0,1.6149,1.5166,1.7965,0.5408,0.4506,0.6007
200.0,30,25.0,200.0,1.697,1.5166,1.8278,0.5665,0.5231,0.6029
200.0,30,25.0,400.0,1.6993,1.5166,1.838,0.5672,0.5307,0.6029
200.0,30,50.0,100.0,1.4748,1.3792,1.6676,0.4942,0.408,0.5566
200.0,30,50.0,200.0,1.6149,1.5166,1.7965,0.5408,0.4506,0.6007
200.0,30,50.0,400.0,1.697,1.5166,1.8278,0.5665,0.5231,0.6029
200.0,30,83.49,100.0,1.3778,1.293,1.5741,0.4615,0.3894,0.5211
200.0,30,83.49,200.0,1.5118,1.4148,1.6966,0.5067,0.4168,0.571
200.0,30,83.49,400.0,1.647,1.5166,1.8255,0.5512,0.4662,0.6027
200.0,30,150.0,100.0,1.2696,1.174,1.4029,0.4251,0.3718,0.4871
200.0,30,150.0,200.0,1.3975,1.3162,1.6,0.4681,0.3927,0.5278
200.0,30,150.0,400.0,1.534,1.4372,1.7149,0.5141,0.4227,0.5786
200.0,30,287.47,100.0,1.1451,1.0571,1.2461,0.3834,0.327,0.4528
200.0,30,287.47,200.0,1.2774,1.1819,1.4148,0.4277,0.3748,0.4896
200.0,30,287.47,400.0,1.4055,1.3238,1.6091,0.4708,0.394,0.5306
200.0,65,25.0,100.0,3.0931,2.7713,3.664,0.6849,0.5899,0.7382
200.0,65,25.0,200.0,3.244,2.7713,3.8467,0.7154,0.6874,0.7382
200.0,65,25.0,400.0,3.2503,2.7713,3.9158,0.7165,0.6874,0.7382
200.0,65,50.0,100.0,2.8357,2.542,3.4328,0.6285,0.5277,0.6865
200.0,65,50.0,200.0,3.0931,2.7713,3.664,0.6849,0.5899,0.7382
200.0,65,50.0,400.0,3.244,2.7713,3.8467,0.7154,0.6874,0.7382
200.0,65,83.49,100.0,2.6546,2.4036,3.2399,0.5882,0.5021,0.6431
200.0,65,83.49,200.0,2.9006,2.5988,3.4894,0.6429,0.5404,0.7039
200.0,65,83.49,400.0,3.1484,2.7713,3.6954,0.6966,0.6133,0.7382
200.0,65,150.0,100.0,2.4485,2.2159,2.9411,0.5425,0.4759,0.6089
200.0,65,150.0,200.0,2.6918,2.4335,3.2862,0.5964,0.5064,0.6507
200.0,65,150.0,400.0,2.9414,2.6367,3.5269,0.6519,0.549,0.7132
200.0,65,287.47,100.0,2.2219,1.9772,2.617,0.4925,0.4242,0.5806
200.0,65,287.47,200.0,2.4629,2.229,2.9597,0.5457,0.4793,0.611
200.0,65,287.47,400.0,2.7069,2.4442,3.3052,0.5997,0.5083,0.6539
400.0,15,25.0,100.0,0.7368,0.5842,0.8434,0.3108,0.2164,0.3861
400.0,15,25.0,200.0,0.7681,0.6277,0.8434,0.3235,0.2325,0.3918
400.0,15,25.0,400.0,0.7683,0.6277,0.8434,0.3236,0.2325,0.3918
400.0,15,50.0,100.0,0.67,0.5534,0.7759,0.2824,0.205,0.3589
400.0,15,50.0,200.0,0.7368,0.5842,0.8434,0.3108,0.2164,0.3861
400.0,15,50.0,400.0,0.7681,0.6277,0.8434,0.3235,0.2325,0.3918
400.0,15,83.49,100.0,0.6162,0.5397,0.7171,0.2594,0.1999,0.3317
400.0,15,83.49,200.0,0.6914,0.5598,0.7969,0.2916,0.2074,0.3686
400.0,15,83.49,400.0,0.7517,0.5949,0.8434,0.317,0.2204,0.3886
400.0,15,150.0,100.0,0.5536,0.4981,0.643,0.2327,0.1933,0.2974
400.0,15,150.0,200.0,0.6275,0.5421,0.7296,0.2642,0.2008,0.3374
400.0,15,150.0,400.0,0.7019,0.5641,0.8117,0.296,0.209,0.3718
400.0,15,287.47,100.0,0.4784,0.4272,0.5591,0.2008,0.1664,0.2586
400.0,15,287.47,200.0,0.5584,0.5021,0.6487,0.2347,0.1941,0.3
400.0,15,287.47,400.0,0.6318,0.5431,0.7346,0.2661,0.2012,0.3398
400.0,30,25.0,100.0,1.385,1.2802,1.4997,0.4494,0.359,0.5174
400.0,30,25.0,200.0,1.4583,1.3303,1.5413,0.4718,0.4141,0.5264
400.0,30,25.0,400.0,1.46,1.3303,1.5413,0.4723,0.4193,0.5264
400.0,30,50.0,100.0,1.2563,1.1298,1.3634,0.4079,0.326,0.4702
400.0,30,50.0,200.0,1.385,1.2802,1.4997,0.4494,0.359,0.5174
400.0,30,50.0,400.0,1.4583,1.3303,1.5413,0.4718,0.4141,0.5264
400.0,30,83.49,100.0,1.1642,1.0576,1.2892,0.3776,0.3117,0.4399
400.0,30,83.49,200.0,1.2925,1.1649,1.3937,0.4197,0.3328,0.4916
400.0,30,83.49,400.0,1.4163,1.3234,1.5365,0.4593,0.3711,0.524
400.0,30,150.0,100.0,1.0596,0.9693,1.15,0.3434,0.2961,0.4049
400.0,30,150.0,200.0,1.1823,1.0698,1.3065,0.3835,0.3142,0.4457
400.0,30,150.0,400.0,1.3128,1.1889,1.4119,0.4263,0.3374,0.4991
400.0,30,287.47,100.0,0.9403,0.8576,1.0172,0.3046,0.2565,0.3666
400.0,30,287.47,200.0,1.0673,0.9767,1.1583,0.3459,0.299,0.4074
400.0,30,287.47,400.0,1.1896,1.075,1.3123,0.3859,0.3152,0.4481
400.0,65,25.0,100.0,2.8497,2.5851,3.3552,0.6175,0.529,0.6785
400.0,65,25.0,200.0,3.0014,2.5851,3.5092,0.6478,0.6096,0.6828
400.0,65,25.0,400.0,3.0068,2.5851,3.5693,0.6488,0.6096,0.6828
400.0,65,50.0,100.0,2.5879,2.3515,3.1121,0.5613,0.473,0.623
400.0,65,50.0,200.0,2.8497,2.5851,3.3552,0.6175,0.529,0.6785
400.0,65,50.0,400.0,3.0014,2.5851,3.5092,0.6478,0.6096,0.6828
400.0,65,83.49,100.0,2.4068,2.2075,2.9367,0.5217,0.4491,0.5816
400.0,65,83.49,200.0,2.6564,2.4182,3.1667,0.5762,0.4843,0.6393
400.0,65,83.49,400.0,2.9069,2.5851,3.3988,0.6295,0.5498,0.681
400.0,65,150.0,100.0,2.2097,1.9845,2.6569,0.4789,0.4166,0.5448
400.0,65,150.0,200.0,2.4429,2.2335,2.982,0.5295,0.4532,0.5895
400.0,65,150.0,400.0,2.6979,2.4618,3.204,0.5852,0.492,0.649
400.0,65,287.47,100.0,1.9867,1.7505,2.3332,0.4306,0.3675,0.5109
400.0,65,287.47,200.0,2.2236,2.0013,2.677,0.4819,0.4201,0.5473
400.0,65,287.47,400.0,2.4576,2.2444,2.9979,0.5327,0.455,0.5927
700.0,15,25.0,100.0,0.4471,0.2362,0.6136,0.1791,0.0828,0.2624
700.0,15,25.0,200.0,0.4568,0.2362,0.6247,0.1831,0.0828,0.275
700.0,15,25.0,400.0,0.4568,0.2362,0.6247,0.1831,0.0828,0.275
700.0,15,50.0,100.0,0.4091,0.2362,0.5455,0.1634,0.0828,0.2355
700.0,15,50.0,200.0,0.4471,0.2362,0.6136,0.1791,0.0828,0.2624
700.0,15,50.0,400.0,0.4568,0.2362,0.6247,0.1831,0.0828,0.275
700.0,15,83.49,100.0,0.3724,0.2362,0.502,0.1485,0.0828,0.2167
700.0,15,83.49,200.0,0.4221,0.2362,0.5663,0.1687,0.0828,0.2422
700.0,15,83.49,400.0,0.4524,0.2362,0.6136,0.1813,0.0828,0.2653
700.0,15,150.0,100.0,0.3309,0.2324,0.4404,0.1318,0.0828,0.1901
700.0,15,150.0,200.0,0.3802,0.2362,0.5113,0.1517,0.0828,0.2207
700.0,15,150.0,400.0,0.4292,0.2362,0.5843,0.1717,0.0828,0.2499
700.0,15,287.47,100.0,0.2751,0.1881,0.3629,0.1093,0.07,0.1567
700.0,15,287.47,200.0,0.334,0.2348,0.4456,0.133,0.0828,0.1924
700.0,15,287.47,400.0,0.3833,0.2362,0.5151,0.1529,0.0828,0.2224
700.0,30,25.0,100.0,1.0745,0.8907,1.223,0.3336,0.2394,0.4115
700.0,30,25.0,200.0,1.1269,1.0047,1.2297,0.3491,0.2701,0.427
700.0,30,25.0,400.0,1.1274,1.0093,1.2297,0.3493,0.2713,0.427
700.0,30,50.0,100.0,0.969,0.8173,1.0905,0.3008,0.2197,0.367
700.0,30,50.0,200.0,1.0745,0.8907,1.223,0.3336,0.2394,0.4115
700.0,30,50.0,400.0,1.1269,1.0047,1.2297,0.3491,0.2701,0.427
700.0,30,83.49,100.0,0.8868,0.7862,0.9707,0.275,0.2113,0.3398
700.0,30,83.49,200.0,0.9997,0.8322,1.155,0.3105,0.2237,0.3887
700.0,30,83.49,400.0,1.0974,0.9165,1.223,0.3406,0.2464,0.4207
700.0,30,150.0,100.0,0.7956,0.7382,0.8908,0.2464,0.2029,0.3063
700.0,30,150.0,200.0,0.9033,0.7916,0.9856,0.2802,0.2128,0.3451
700.0,30,150.0,400.0,1.0158,0.8423,1.1742,0.3155,0.2264,0.3951
700.0,30,287.47,100.0,0.6856,0.6277,0.7655,0.2121,0.1776,0.268
700.0,30,287.47,200.0,0.8025,0.7446,0.899,0.2486,0.2037,0.3088
700.0,30,287.47,400.0,0.9098,0.7939,0.9915,0.2822,0.2134,0.3471
700.0,65,25.0,100.0,2.5101,2.2989,2.9202,0.5272,0.4432,0.5986
700.0,65,25.0,200.0,2.6498,2.3145,3.0183,0.5545,0.5036,0.6075
700.0,65,25.0,400.0,2.6543,2.3145,3.0685,0.5553,0.5036,0.6075
700.0,65,50.0,100.0,2.2576,2.0092,2.6561,0.4746,0.3971,0.5364
700.0,65,50.0,200.0,2.5101,2.2989,2.9202,0.5272,0.4432,0.5986
700.0,65,50.0,400.0,2.6498,2.3145,3.0183,0.5545,0.5036,0.6075
700.0,65,83.49,100.0,2.0836,1.86,2.5185,0.4375,0.3772,0.4994
700.0,65,83.49,200.0,2.3263,2.073,2.7117,0.4891,0.4066,0.5613
700.0,65,83.49,400.0,2.5671,2.3145,2.9809,0.5388,0.4607,0.6022
700.0,65,150.0,100.0,1.8923,1.6684,2.2523,0.3971,0.3392,0.4636
700.0,65,150.0,200.0,2.1176,1.8905,2.5465,0.4448,0.3806,0.5069
700.0,65,150.0,400.0,2.3664,2.1167,2.7489,0.4976,0.4128,0.5712
700.0,65,287.47,100.0,1.6773,1.4514,1.9475,0.3519,0.2951,0.4245
700.0,65,287.47,200.0,1.9059,1.6838,2.2715,0.4,0.3424,0.4659
700.0,65,287.47,400.0,2.1312,1.9017,2.5573,0.4477,0.3821,0.5099
1000.0,15,25.0,100.0,0.2213,0.0508,0.3963,0.0852,0.0169,0.1633
1000.0,15,25.0,200.0,0.224,0.0508,0.4264,0.0863,0.0169,0.1758
1000.0,15,25.0,400.0,0.224,0.0508,0.4264,0.0863,0.0169,0.1758
1000.0,15,50.0,100.0,0.2052,0.0508,0.3555,0.0787,0.0169,0.1426
1000.0,15,50.0,200.0,0.2213,0.0508,0.3963,0.0852,0.0169,0.1633
1000.0,15,50.0,400.0,0.224,0.0508,0.4264,0.0863,0.0169,0.1758
1000.0,15,83.49,100.0,0.1874,0.0508,0.3291,0.0717,0.0169,0.1332
1000.0,15,83.49,200.0,0.2101,0.0508,0.3694,0.0806,0.0169,0.1482
1000.0,15,83.49,400.0,0.223,0.0508,0.4154,0.0859,0.0169,0.1713
1000.0,15,150.0,100.0,0.1618,0.0417,0.2768,0.0617,0.0147,0.112
1000.0,15,150.0,200.0,0.1916,0.0508,0.333,0.0733,0.0169,0.1348
1000.0,15,150.0,400.0,0.2129,0.0508,0.3781,0.0818,0.0169,0.1517
1000.0,15,287.47,100.0,0.119,0.0252,0.2083,0.0453,0.0089,0.0843
1000.0,15,287.47,200.0,0.164,0.043,0.2812,0.0625,0.0151,0.1138
1000.0,15,287.47,400.0,0.1932,0.0508,0.3346,0.0739,0.0169,0.1354
1000.0,30,25.0,100.0,0.7942,0.524,1.0004,0.237,0.1352,0.3201
1000.0,30,25.0,200.0,0.8229,0.5609,1.0315,0.2454,0.1448,0.34
1000.0,30,25.0,400.0,0.823,0.5609,1.0315,0.2454,0.1448,0.34
1000.0,30,50.0,100.0,0.7166,0.4985,0.8828,0.2137,0.1287,0.2824
1000.0,30,50.0,200.0,0.7942,0.524,1.0004,0.237,0.1352,0.3201
1000.0,30,50.0,400.0,0.8229,0.5609,1.0315,0.2454,0.1448,0.34
1000.0,30,83.49,100.0,0.6499,0.487,0.7814,0.1935,0.1257,0.2596
1000.0,30,83.49,200.0,0.7397,0.5039,0.936,0.2206,0.1301,0.2995
1000.0,30,83.49,400.0,0.8083,0.5334,1.0071,0.2412,0.1377,0.332
1000.0,30,150.0,100.0,0.5777,0.4666,0.7069,0.1717,0.1204,0.2306
1000.0,30,150.0,200.0,0.6634,0.4892,0.7968,0.1976,0.1263,0.2647
1000.0,30,150.0,400.0,0.7521,0.5075,0.9549,0.2244,0.131,0.3055
1000.0,30,287.47,100.0,0.4854,0.411,0.5898,0.1441,0.1088,0.1946
1000.0,30,287.47,200.0,0.583,0.4689,0.7129,0.1733,0.121,0.2329
1000.0,30,287.47,400.0,0.6688,0.49,0.8028,0.1992,0.1265,0.2667
1000.0,65,25.0,100.0,2.1976,1.9563,2.523,0.448,0.3659,0.5264
1000.0,65,25.0,200.0,2.3181,1.9964,2.587,0.4709,0.4125,0.5388
1000.0,65,25.0,400.0,2.3223,1.9964,2.5943,0.4716,0.4125,0.5388
1000.0,65,50.0,100.0,1.9639,1.6964,2.2563,0.4006,0.3278,0.4688
1000.0,65,50.0,200.0,2.1976,1.9563,2.523,0.448,0.3659,0.5264
1000.0,65,50.0,400.0,2.3181,1.9964,2.587,0.4709,0.4125,0.5388
1000.0,65,83.49,100.0,1.7949,1.5585,2.1238,0.3657,0.3073,0.4298
1000.0,65,83.49,200.0,2.0281,1.7624,2.315,0.4138,0.3356,0.4921
1000.0,65,83.49,400.0,2.249,1.9912,2.5837,0.4582,0.3799,0.5314
1000.0,65,150.0,100.0,1.6153,1.4056,1.8832,0.3287,0.2771,0.393
1000.0,65,150.0,200.0,1.8272,1.5825,2.1494,0.3723,0.312,0.4359
1000.0,65,150.0,400.0,2.0642,1.8074,2.3522,0.4212,0.3409,0.5013
1000.0,65,287.47,100.0,1.4128,1.2137,1.6195,0.2874,0.2393,0.3542
1000.0,65,287.47,200.0,1.6287,1.419,1.9021,0.3315,0.2798,0.3957
1000.0,65,287.47,400.0,1.8403,1.5927,2.1589,0.3751,0.314,0.4385
1350.0,15,25.0,100.0,0.0703,0.0,0.2165,0.0261,0.0,0.0831
1350.0,15,25.0,200.0,0.0708,0.0,0.2214,0.0263,0.0,0.085
1350.0,15,25.0,400.0,0.0708,0.0,0.2214,0.0263,0.0,0.085
1350.0,15,50.0,100.0,0.0619,0.0,0.1702,0.0229,0.0,0.0637
1350.0,15,50.0,200.0,0.0703,0.0,0.2165,0.0261,0.0,0.0831
1350.0,15,50.0,400.0,0.0708,0.0,0.2214,0.0263,0.0,0.085
1350.0,15,83.49,100.0,0.0515,0.0,0.145,0.019,0.0,0.0547
1350.0,15,83.49,200.0,0.064,0.0,0.1724,0.0237,0.0,0.0645
1350.0,15,83.49,400.0,0.0708,0.0,0.2214,0.0263,0.0,0.085
1350.0,15,150.0,100.0,0.0376,0.0,0.1125,0.0138,0.0,0.0425
1350.0,15,150.0,200.0,0.0539,0.0,0.1473,0.0199,0.0,0.0556
1350.0,15,150.0,400.0,0.0653,0.0,0.1724,0.0242,0.0,0.0645
1350.0,15,287.47,100.0,0.0213,0.0,0.0652,0.0078,0.0,0.0246
1350.0,15,287.47,200.0,0.0387,0.0,0.1157,0.0142,0.0,0.0437
1350.0,15,287.47,400.0,0.0548,0.0,0.148,0.0202,0.0,0.0559
1350.0,30,25.0,100.0,0.517,0.2155,0.7508,0.1482,0.0532,0.2294
1350.0,30,25.0,200.0,0.5309,0.2155,0.809,0.1523,0.0532,0.2518
1350.0,30,25.0,400.0,0.5309,0.2155,0.809,0.1523,0.0532,0.2518
1350.0,30,50.0,100.0,0.4688,0.2155,0.6626,0.1341,0.0532,0.2045
1350.0,30,50.0,200.0,0.517,0.2155,0.7508,0.1482,0.0532,0.2294
1350.0,30,50.0,400.0,0.5309,0.2155,0.809,0.1523,0.0532,0.2518
1350.0,30,83.49,100.0,0.4217,0.2155,0.5941,0.1204,0.0532,0.1862
1350.0,30,83.49,200.0,0.484,0.2155,0.7016,0.1385,0.0532,0.2122
1350.0,30,83.49,400.0,0.5243,0.2155,0.785,0.1504,0.0532,0.2443
1350.0,30,150.0,100.0,0.3692,0.2112,0.5199,0.1052,0.0521,0.1604
1350.0,30,150.0,200.0,0.4315,0.2155,0.6056,0.1233,0.0532,0.1899
1350.0,30,150.0,400.0,0.492,0.2155,0.7185,0.1409,0.0532,0.2174
1350.0,30,287.47,100.0,0.2971,0.1877,0.4129,0.0844,0.0469,0.1279
1350.0,30,287.47,200.0,0.3733,0.2118,0.525,0.1064,0.0522,0.1626
1350.0,30,287.47,400.0,0.4354,0.2155,0.6103,0.1244,0.0532,0.1913
1350.0,65,25.0,100.0,1.863,1.617,2.1021,0.3675,0.2865,0.4503
1350.0,65,25.0,200.0,1.9781,1.6849,2.1536,0.3889,0.3357,0.4659
1350.0,65,25.0,400.0,1.9821,1.6849,2.1536,0.3895,0.3357,0.4659
1350.0,65,50.0,100.0,1.6534,1.4001,1.8631,0.3263,0.2569,0.3991
1350.0,65,50.0,200.0,1.863,1.617,2.1021,0.3675,0.2865,0.4503
1350.0,65,50.0,400.0,1.9781,1.6849,2.1536,0.3889,0.3357,0.4659
1350.0,65,83.49,100.0,1.5007,1.2728,1.6832,0.2958,0.2424,0.3641
1350.0,65,83.49,200.0,1.7106,1.4566,1.9596,0.3377,0.2628,0.4197
1350.0,65,83.49,400.0,1.9102,1.6651,2.1322,0.3766,0.2978,0.4587
1350.0,65,150.0,100.0,1.3429,1.1547,1.5183,0.2643,0.2199,0.3273
1350.0,65,150.0,200.0,1.5298,1.2968,1.7074,0.3016,0.2466,0.3704
1350.0,65,150.0,400.0,1.7427,1.495,1.9974,0.3441,0.2668,0.4278
1350.0,65,287.47,100.0,1.1541,0.9974,1.2977,0.227,0.1897,0.2881
1350.0,65,287.47,200.0,1.3544,1.1623,1.5295,0.2666,0.2213,0.3298
1350.0,65,287.47,400.0,1.5416,1.3068,1.7172,0.304,0.2475,0.3725
1700.0,15,25.0,100.0,0.004,0.0,0.044,0.0014,0.0,0.0158
1700.0,15,25.0,200.0,0.004,0.0,0.0441,0.0014,0.0,0.0158
1700.0,15,25.0,400.0,0.004,0.0,0.0441,0.0014,0.0,0.0158
1700.0,15,50.0,100.0,0.002,0.0,0.0225,0.0007,0.0,0.0081
1700.0,15,50.0,200.0,0.004,0.0,0.044,0.0014,0.0,0.0158
1700.0,15,50.0,400.0,0.004,0.0,0.0441,0.0014,0.0,0.0158
1700.0,15,83.49,100.0,0.0012,0.0,0.0135,0.0004,0.0,0.0048
1700.0,15,83.49,200.0,0.0025,0.0,0.027,0.0009,0.0,0.0097
1700.0,15,83.49,400.0,0.004,0.0,0.0441,0.0014,0.0,0.0158
1700.0,15,150.0,100.0,0.0007,0.0,0.0075,0.0002,0.0,0.0027
1700.0,15,150.0,200.0,0.0014,0.0,0.015,0.0005,0.0,0.0054
1700.0,15,150.0,400.0,0.0027,0.0,0.03,0.001,0.0,0.0108
1700.0,15,287.47,100.0,0.0004,0.0,0.0039,0.0001,0.0,0.0014
1700.0,15,287.47,200.0,0.0007,0.0,0.0078,0.0003,0.0,0.0028
1700.0,15,287.47,400.0,0.0014,0.0,0.0157,0.0005,0.0,0.0056
1700.0,30,25.0,100.0,0.2989,0.0186,0.5535,0.083,0.0044,0.1631
1700.0,30,25.0,200.0,0.3059,0.0186,0.593,0.085,0.0044,0.1748
1700.0,30,25.0,400.0,0.3059,0.0186,0.593,0.085,0.0044,0.1748
1700.0,30,50.0,100.0,0.268,0.0186,0.4772,0.0743,0.0044,0.1416
1700.0,30,50.0,200.0,0.2989,0.0186,0.5535,0.083,0.0044,0.1631
1700.0,30,50.0,400.0,0.3059,0.0186,0.593,0.085,0.0044,0.1748
1700.0,30,83.49,100.0,0.2373,0.0186,0.4252,0.0656,0.0044,0.1262
1700.0,30,83.49,200.0,0.2776,0.0186,0.4932,0.077,0.0044,0.1452
1700.0,30,83.49,400.0,0.3025,0.0186,0.5807,0.0841,0.0044,0.1712
1700.0,30,150.0,100.0,0.1971,0.018,0.3568,0.0544,0.0043,0.1059
1700.0,30,150.0,200.0,0.2443,0.0186,0.4361,0.0676,0.0044,0.1294
1700.0,30,150.0,400.0,0.283,0.0186,0.5054,0.0785,0.0044,0.147
1700.0,30,287.47,100.0,0.1456,0.0113,0.2659,0.0402,0.0027,0.0789
1700.0,30,287.47,200.0,0.2002,0.0184,0.3626,0.0553,0.0043,0.1076
1700.0,30,287.47,400.0,0.2469,0.0186,0.4403,0.0683,0.0044,0.1307
1700.0,65,25.0,100.0,1.5639,1.3495,1.8553,0.2992,0.2151,0.3827
1700.0,65,25.0,200.0,1.67,1.4447,1.8845,0.3184,0.2489,0.4009
1700.0,65,25.0,400.0,1.6766,1.4447,1.8845,0.3196,0.2508,0.4009
1700.0,65,50.0,100.0,1.3784,1.1223,1.6328,0.2638,0.1945,0.3368
1700.0,65,50.0,200.0,1.5639,1.3495,1.8553,0.2992,0.2151,0.3827
1700.0,65,50.0,400.0,1.67,1.4447,1.8845,0.3184,0.2489,0.4009
1700.0,65,83.49,100.0,1.2415,1.0193,1.449,0.2372,0.1858,0.3078
1700.0,65,83.49,200.0,1.4286,1.1707,1.7211,0.2735,0.1986,0.355
1700.0,65,83.49,400.0,1.6064,1.399,1.8584,0.3071,0.223,0.3954
1700.0,65,150.0,100.0,1.1015,0.9359,1.3261,0.2101,0.1723,0.2751
1700.0,65,150.0,200.0,1.2683,1.0372,1.4723,0.2424,0.1873,0.3139
1700.0,65,150.0,400.0,1.4574,1.2037,1.7575,0.279,0.2014,0.3625
1700.0,65,287.47,100.0,0.9321,0.8112,1.1132,0.1777,0.1462,0.235
1700.0,65,287.47,200.0,1.1121,0.9414,1.3373,0.2122,0.1733,0.2774
1700.0,65,287.47,400.0,1.279,1.0448,1.4823,0.2445,0.1879,0.3163
2000.0,15,25.0,100.0,0.0,0.0,0.0,0.0,0.0,0.0
2000.0,15,25.0,200.0,0.0,0.0,0.0,0.0,0.0,0.0
2000.0,15,25.0,400.0,0.0,0.0,0.0,0.0,0.0,0.0
2000.0,15,50.0,100.0,0.0,0.0,0.0,0.0,0.0,0.0
2000.0,15,50.0,200.0,0.0,0.0,0.0,0.0,0.0,0.0
2000.0,15,50.0,400.0,0.0,0.0,0.0,0.0,0.0,0.0
2000.0,15,83.49,100.0,0.0,0.0,0.0,0.0,0.0,0.0
2000.0,15,83.49,200.0,0.0,0.0,0.0,0.0,0.0,0.0
2000.0,15,83.49,400.0,0.0,0.0,0.0,0.0,0.0,0.0
2000.0,15,150.0,100.0,0.0,0.0,0.0,0.0,0.0,0.0
2000.0,15,150.0,200.0,0.0,0.0,0.0,0.0,0.0,0.0
2000.0,15,150.0,400.0,0.0,0.0,0.0,0.0,0.0,0.0
2000.0,15,287.47,100.0,0.0,0.0,0.0,0.0,0.0,0.0
2000.0,15,287.47,200.0,0.0,0.0,0.0,0.0,0.0,0.0
2000.0,15,287.47,400.0,0.0,0.0,0.0,0.0,0.0,0.0
2000.0,30,25.0,100.0,0.1659,0.0,0.4026,0.0451,0.0,0.1135
2000.0,30,25.0,200.0,0.169,0.0,0.4208,0.0459,0.0,0.1186
2000.0,30,25.0,400.0,0.169,0.0,0.4208,0.0459,0.0,0.1186
2000.0,30,50.0,100.0,0.1469,0.0,0.3446,0.0398,0.0,0.0978
2000.0,30,50.0,200.0,0.1659,0.0,0.4026,0.0451,0.0,0.1135
2000.0,30,50.0,400.0,0.169,0.0,0.4208,0.0459,0.0,0.1186
2000.0,30,83.49,100.0,0.1252,0.0,0.3048,0.0339,0.0,0.0865
2000.0,30,83.49,200.0,0.1534,0.0,0.3534,0.0416,0.0,0.1003
2000.0,30,83.49,400.0,0.168,0.0,0.4193,0.0457,0.0,0.1182
2000.0,30,150.0,100.0,0.0993,0.0,0.2518,0.0269,0.0,0.0715
2000.0,30,150.0,200.0,0.1298,0.0,0.3155,0.0351,0.0,0.0895
2000.0,30,150.0,400.0,0.1565,0.0,0.3557,0.0425,0.0,0.1009
2000.0,30,287.47,100.0,0.0686,0.0,0.1749,0.0185,0.0,0.0496
2000.0,30,287.47,200.0,0.1013,0.0,0.2558,0.0274,0.0,0.0726
2000.0,30,287.47,400.0,0.1317,0.0,0.3195,0.0357,0.0,0.0907
2000.0,65,25.0,100.0,1.3331,1.0188,1.6535,0.2489,0.1585,0.3306
2000.0,65,25.0,200.0,1.429,1.1565,1.7059,0.2659,0.1799,0.3514
2000.0,65,25.0,400.0,1.4344,1.1565,1.7059,0.2669,0.1799,0.3514
2000.0,65,50.0,100.0,1.1658,0.9316,1.4439,0.2177,0.1449,0.2931
2000.0,65,50.0,200.0,1.3331,1.0188,1.6535,0.2489,0.1585,0.3306
2000.0,65,50.0,400.0,1.429,1.1565,1.7059,0.2659,0.1799,0.3514
2000.0,65,83.49,100.0,1.0413,0.8526,1.291,0.1941,0.1391,0.265
2000.0,65,83.49,200.0,1.2108,0.9495,1.5283,0.2261,0.1477,0.3055
2000.0,65,83.49,400.0,1.3716,1.0527,1.6795,0.2559,0.1637,0.346
2000.0,65,150.0,100.0,0.9181,0.7809,1.1686,0.1708,0.1305,0.2349
2000.0,65,150.0,200.0,1.0658,0.8687,1.3144,0.1988,0.1401,0.2711
2000.0,65,150.0,400.0,1.2374,0.9616,1.5622,0.2311,0.1496,0.3123
2000.0,65,287.47,100.0,0.7666,0.6705,0.9694,0.1424,0.116,0.1956
2000.0,65,287.47,200.0,0.9272,0.7861,1.1794,0.1726,0.1314,0.2371
2000.0,65,287.47,400.0,1.0761,0.8756,1.3244,0.2007,0.1406,0.2736
